job_title,city,skills
Data Analyst,Mumbai,"Python, SQL, Excel, Power BI"
Data Analyst,Mumbai,"SQL, Excel, Tableau, Python"
Business Analyst,Mumbai,"Excel, SQL, Power BI, Communication"
Data Analyst,Pune,"Python, SQL, Pandas, Power BI"
Python Developer,Pune,"Python, Django, SQL, Git"
Data Analyst,Bengaluru,"Python, SQL, Machine Learning, Pandas"
Business Analyst,Bengaluru,"SQL, Excel, Tableau, Communication"
Data Analyst,Delhi,"Excel, SQL, Power BI, Python"
Python Developer,Delhi,"Python, Django, REST API, Git"
Data Analyst,Hyderabad,"Python, SQL, Power BI, Machine Learning"
Business Analyst,Hyderabad,"Excel, SQL, Communication, Tableau"
Data Analyst,Mumbai,"Python, SQL, Pandas, Excel"
Python Developer,Mumbai,"Python, Flask, SQL, Git"
Data Analyst,Pune,"SQL, Excel, Power BI, Tableau"
Business Analyst,Pune,"Excel, SQL, Communication, Power BI"
Data Analyst,Bengaluru,"Python, SQL, Pandas, Machine Learning"
Python Developer,Bengaluru,"Python, Django, REST API, Git"
Data Analyst,Delhi,"SQL, Excel, Tableau, Python"
Business Analyst,Delhi,"Excel, SQL, Communication, Power BI"
Data Analyst,Hyderabad,"Python, SQL, Pandas, Excel"
